patient_id,date,provider,note_text
2d98f50f-c572-49c1-956d-146de2c3b4f6,2024-01-01,Dr. Lee,Patient reports increasing fatigue and intermittent cough. Day 0. Weight trending down.
2d98f50f-c572-49c1-956d-146de2c3b4f6,2024-01-06,Dr. Lee,Patient reports increasing fatigue and intermittent cough. Day 5. Weight trending down.
2d98f50f-c572-49c1-956d-146de2c3b4f6,2024-01-11,Dr. Lee,Patient reports increasing fatigue and intermittent cough. Day 10. Weight trending down.
2d98f50f-c572-49c1-956d-146de2c3b4f6,2024-01-16,Dr. Lee,Patient reports increasing fatigue and intermittent cough. Day 15. Weight trending down.
2d98f50f-c572-49c1-956d-146de2c3b4f6,2024-01-21,Dr. Lee,Patient reports increasing fatigue and intermittent cough. Day 20. Weight trending down.
2d98f50f-c572-49c1-956d-146de2c3b4f6,2024-01-26,Dr. Lee,Patient reports increasing fatigue and intermittent cough. Day 25. Weight trending down.
2d98f50f-c572-49c1-956d-146de2c3b4f6,2024-01-31,Dr. Lee,Patient reports increasing fatigue and intermittent cough. Day 30. Weight trending down.
2d98f50f-c572-49c1-956d-146de2c3b4f6,2024-02-05,Dr. Lee,Patient reports increasing fatigue and intermittent cough. Day 35. Weight trending down.
2d98f50f-c572-49c1-956d-146de2c3b4f6,2024-02-10,Dr. Lee,Patient reports increasing fatigue and intermittent cough. Day 40. Weight trending down.
